Country,Code,Year,Percentage
Afghanistan,AFG,1970,1.08
Afghanistan,AFG,1975,1.48
Afghanistan,AFG,1980,1.96
Afghanistan,AFG,1985,2.49
Afghanistan,AFG,1990,2.91
Afghanistan,AFG,1995,3.28
Afghanistan,AFG,2000,3.5
Afghanistan,AFG,2005,3.61
Afghanistan,AFG,2010,3.65
Albania,ALB,1970,1.67
Albania,ALB,1975,1.93
Albania,ALB,1980,2.12
Albania,ALB,1985,2.66
Albania,ALB,1990,3
Albania,ALB,1995,3.17
Albania,ALB,2000,3.51
Albania,ALB,2005,2.35
Albania,ALB,2010,0.93
Algeria,DZA,1970,0.18
Algeria,DZA,1975,0.38
Algeria,DZA,1980,0.77
Algeria,DZA,1985,1.34
Algeria,DZA,1990,1.97
Algeria,DZA,1995,2.53
Algeria,DZA,2000,3.4
Algeria,DZA,2005,3.78
Algeria,DZA,2010,6.66
Argentina,ARG,1970,2.52
Argentina,ARG,1975,3.64
Argentina,ARG,1980,3.43
Argentina,ARG,1985,4.99
Argentina,ARG,1990,5.77
Argentina,ARG,1995,4.32
Argentina,ARG,2000,3.1
Argentina,ARG,2005,3.09
Argentina,ARG,2010,2.87
Armenia,ARM,1970,6.71
Armenia,ARM,1975,7.22
Armenia,ARM,1980,7.78
Armenia,ARM,1985,9.32
Armenia,ARM,1990,10.04
Armenia,ARM,1995,10.47
Armenia,ARM,2000,10.08
Armenia,ARM,2005,11.51
Armenia,ARM,2010,15.03
Australia,AUS,1970,10.76
Australia,AUS,1975,11.6
Australia,AUS,1980,13.05
Australia,AUS,1985,13.21
Australia,AUS,1990,13.9
Australia,AUS,1995,15.87
Australia,AUS,2000,13.15
Australia,AUS,2005,15.63
Australia,AUS,2010,18.52
Austria,AUT,1970,1.45
Austria,AUT,1975,1.62
Austria,AUT,1980,1.55
Austria,AUT,1985,2.47
Austria,AUT,1990,2.97
Austria,AUT,1995,5.21
Austria,AUT,2000,7.06
Austria,AUT,2005,8.27
Austria,AUT,2010,9.37
Bahrain,BHR,1970,2.06
Bahrain,BHR,1975,2.45
Bahrain,BHR,1980,3.39
Bahrain,BHR,1985,6.28
Bahrain,BHR,1990,8.53
Bahrain,BHR,1995,9.17
Bahrain,BHR,2000,9.08
Bahrain,BHR,2005,8.8
Bahrain,BHR,2010,7.76
Bangladesh,BGD,1970,0.39
Bangladesh,BGD,1975,0.42
Bangladesh,BGD,1980,0.54
Bangladesh,BGD,1985,1.08
Bangladesh,BGD,1990,1.44
Bangladesh,BGD,1995,1.97
Bangladesh,BGD,2000,1.98
Bangladesh,BGD,2005,2.11
Bangladesh,BGD,2010,2.28
Barbados,BRB,1970,0.57
Barbados,BRB,1975,1.37
Barbados,BRB,1980,2.16
Barbados,BRB,1985,2.46
Barbados,BRB,1990,2.07
Barbados,BRB,1995,1.56
Barbados,BRB,2000,0.66
Barbados,BRB,2005,1.53
Barbados,BRB,2010,2.07
Belgium,BEL,1970,5.11
Belgium,BEL,1975,7.41
Belgium,BEL,1980,9.04
Belgium,BEL,1985,11.2
Belgium,BEL,1990,12.98
Belgium,BEL,1995,14.51
Belgium,BEL,2000,14.95
Belgium,BEL,2005,15.82
Belgium,BEL,2010,17.69
Belize,BLZ,1970,0.55
Belize,BLZ,1975,0.7
Belize,BLZ,1980,0.78
Belize,BLZ,1985,2.16
Belize,BLZ,1990,3.4
Belize,BLZ,1995,3.43
Belize,BLZ,2000,3.33
Belize,BLZ,2005,3.2
Belize,BLZ,2010,3.18
Benin,BEN,1970,0.13
Benin,BEN,1975,0.13
Benin,BEN,1980,0.14
Benin,BEN,1985,0.41
Benin,BEN,1990,0.52
Benin,BEN,1995,0.81
Benin,BEN,2000,1.01
Benin,BEN,2005,1.36
Benin,BEN,2010,2.01
Bolivia,BOL,1970,1.87
Bolivia,BOL,1975,2.24
Bolivia,BOL,1980,2.82
Bolivia,BOL,1985,3.33
Bolivia,BOL,1990,3.83
Bolivia,BOL,1995,4.67
Bolivia,BOL,2000,5.27
Bolivia,BOL,2005,7.25
Bolivia,BOL,2010,8.43
Botswana,BWA,1970,0.28
Botswana,BWA,1975,0.25
Botswana,BWA,1980,0.19
Botswana,BWA,1985,1.09
Botswana,BWA,1990,1.52
Botswana,BWA,1995,1.9
Botswana,BWA,2000,1.73
Botswana,BWA,2005,1.79
Botswana,BWA,2010,2.02
Brazil,BRA,1970,1.24
Brazil,BRA,1975,2.3
Brazil,BRA,1980,2.79
Brazil,BRA,1985,2.72
Brazil,BRA,1990,3.03
Brazil,BRA,1995,3.72
Brazil,BRA,2000,3.7
Brazil,BRA,2005,3.73
Brazil,BRA,2010,5.63
Brunei,BRN,1970,1.24
Brunei,BRN,1975,2.86
Brunei,BRN,1980,3.65
Brunei,BRN,1985,3.74
Brunei,BRN,1990,3.71
Brunei,BRN,1995,3.91
Brunei,BRN,2000,4.76
Brunei,BRN,2005,5.65
Brunei,BRN,2010,6.51
Bulgaria,BGR,1970,4.94
Bulgaria,BGR,1975,6.25
Bulgaria,BGR,1980,7.25
Bulgaria,BGR,1985,8.43
Bulgaria,BGR,1990,8.11
Bulgaria,BGR,1995,9.25
Bulgaria,BGR,2000,9.79
Bulgaria,BGR,2005,11.76
Bulgaria,BGR,2010,13.07
Burundi,BDI,1970,0.11
Burundi,BDI,1975,0.14
Burundi,BDI,1980,0.19
Burundi,BDI,1985,0.25
Burundi,BDI,1990,0.24
Burundi,BDI,1995,0.24
Burundi,BDI,2000,0.24
Burundi,BDI,2005,0.34
Burundi,BDI,2010,0.54
Cambodia,KHM,1970,0.07
Cambodia,KHM,1975,0.11
Cambodia,KHM,1980,0.13
Cambodia,KHM,1985,0.15
Cambodia,KHM,1990,0.19
Cambodia,KHM,1995,0.24
Cambodia,KHM,2000,0.23
Cambodia,KHM,2005,0.79
Cambodia,KHM,2010,1.32
Cameroon,CMR,1970,0.13
Cameroon,CMR,1975,0.15
Cameroon,CMR,1980,0.18
Cameroon,CMR,1985,0.28
Cameroon,CMR,1990,0.45
Cameroon,CMR,1995,0.64
Cameroon,CMR,2000,0.8
Cameroon,CMR,2005,1.15
Cameroon,CMR,2010,1.64
Canada,CAN,1970,9.66
Canada,CAN,1975,12.73
Canada,CAN,1980,14.93
Canada,CAN,1985,8.14
Canada,CAN,1990,9.93
Canada,CAN,1995,11.54
Canada,CAN,2000,13.89
Canada,CAN,2005,20.47
Canada,CAN,2010,22.67
Central African Republic,CAF,1970,0.09
Central African Republic,CAF,1975,0.09
Central African Republic,CAF,1980,0.36
Central African Republic,CAF,1985,0.68
Central African Republic,CAF,1990,0.87
Central African Republic,CAF,1995,0.81
Central African Republic,CAF,2000,0.83
Central African Republic,CAF,2005,0.82
Central African Republic,CAF,2010,0.83
Chile,CHL,1970,2.65
Chile,CHL,1975,2.73
Chile,CHL,1980,2.68
Chile,CHL,1985,4.44
Chile,CHL,1990,6.23
Chile,CHL,1995,7.54
Chile,CHL,2000,8.33
Chile,CHL,2005,7.43
Chile,CHL,2010,5.92
China,CHN,1970,0.45
China,CHN,1975,0.46
China,CHN,1980,0.48
China,CHN,1985,0.82
China,CHN,1990,1.08
China,CHN,1995,1.97
China,CHN,2000,2.75
China,CHN,2005,2.73
China,CHN,2010,2.71
Colombia,COL,1970,1.86
Colombia,COL,1975,2.33
Colombia,COL,1980,4.07
Colombia,COL,1985,5.54
Colombia,COL,1990,7.37
Colombia,COL,1995,8.61
Colombia,COL,2000,8.66
Colombia,COL,2005,6.6
Colombia,COL,2010,18.55
Congo,COG,1970,0.38
Congo,COG,1975,0.78
Congo,COG,1980,1.09
Congo,COG,1985,1.09
Congo,COG,1990,1.1
Congo,COG,1995,1.14
Congo,COG,2000,0.96
Congo,COG,2005,0.79
Congo,COG,2010,0.64
Costa Rica,CRI,1970,1.75
Costa Rica,CRI,1975,3.62
Costa Rica,CRI,1980,5.5
Costa Rica,CRI,1985,7.39
Costa Rica,CRI,1990,9.71
Costa Rica,CRI,1995,11.94
Costa Rica,CRI,2000,12.39
Costa Rica,CRI,2005,12.56
Costa Rica,CRI,2010,14.69
Cote d'Ivoire,CIV,1970,0.55
Cote d'Ivoire,CIV,1975,0.71
Cote d'Ivoire,CIV,1980,0.83
Cote d'Ivoire,CIV,1985,0.98
Cote d'Ivoire,CIV,1990,0.85
Cote d'Ivoire,CIV,1995,1.63
Cote d'Ivoire,CIV,2000,2.08
Cote d'Ivoire,CIV,2005,2.11
Cote d'Ivoire,CIV,2010,2.13
Croatia,HRV,1970,2.19
Croatia,HRV,1975,2.57
Croatia,HRV,1980,2.92
Croatia,HRV,1985,3.42
Croatia,HRV,1990,3.3
Croatia,HRV,1995,4.53
Croatia,HRV,2000,6.29
Croatia,HRV,2005,8.73
Croatia,HRV,2010,11.04
Cuba,CUB,1970,1.85
Cuba,CUB,1975,2.42
Cuba,CUB,1980,3.51
Cuba,CUB,1985,3.64
Cuba,CUB,1990,4.4
Cuba,CUB,1995,5.28
Cuba,CUB,2000,5.59
Cuba,CUB,2005,8.32
Cuba,CUB,2010,13.32
Cyprus,CYP,1970,1.99
Cyprus,CYP,1975,3.38
Cyprus,CYP,1980,5.79
Cyprus,CYP,1985,8.7
Cyprus,CYP,1990,11.57
Cyprus,CYP,1995,14.6
Cyprus,CYP,2000,15.89
Cyprus,CYP,2005,14.51
Cyprus,CYP,2010,20.75
Czechia,CZE,1970,1.73
Czechia,CZE,1975,2.48
Czechia,CZE,1980,2.71
Czechia,CZE,1985,4.84
Czechia,CZE,1990,5.94
Czechia,CZE,1995,5.47
Czechia,CZE,2000,5.11
Czechia,CZE,2005,5.38
Czechia,CZE,2010,7.59
Democratic Republic of Congo,COD,1970,0.1
Democratic Republic of Congo,COD,1975,0.2
Democratic Republic of Congo,COD,1980,0.26
Democratic Republic of Congo,COD,1985,0.37
Democratic Republic of Congo,COD,1990,0.51
Democratic Republic of Congo,COD,1995,0.65
Democratic Republic of Congo,COD,2000,0.59
Democratic Republic of Congo,COD,2005,0.5
Democratic Republic of Congo,COD,2010,0.46
Denmark,DNK,1970,6.01
Denmark,DNK,1975,6.58
Denmark,DNK,1980,7.46
Denmark,DNK,1985,9.33
Denmark,DNK,1990,8.48
Denmark,DNK,1995,10.37
Denmark,DNK,2000,12.31
Denmark,DNK,2005,14.53
Denmark,DNK,2010,14.98
Dominican Republic,DOM,1970,0.46
Dominican Republic,DOM,1975,0.72
Dominican Republic,DOM,1980,1.09
Dominican Republic,DOM,1985,1.53
Dominican Republic,DOM,1990,2.01
Dominican Republic,DOM,1995,2.38
Dominican Republic,DOM,2000,2.78
Dominican Republic,DOM,2005,2.55
Dominican Republic,DOM,2010,2.06
Ecuador,ECU,1970,1.09
Ecuador,ECU,1975,1.33
Ecuador,ECU,1980,3.55
Ecuador,ECU,1985,4.56
Ecuador,ECU,1990,5.83
Ecuador,ECU,1995,6.23
Ecuador,ECU,2000,6.98
Ecuador,ECU,2005,6.16
Ecuador,ECU,2010,5.19
Egypt,EGY,1970,1.36
Egypt,EGY,1975,1.3
Egypt,EGY,1980,1.86
Egypt,EGY,1985,1.99
Egypt,EGY,1990,1.87
Egypt,EGY,1995,2.18
Egypt,EGY,2000,4.19
Egypt,EGY,2005,5.29
Egypt,EGY,2010,6.65
El Salvador,SLV,1970,1.16
El Salvador,SLV,1975,2.34
El Salvador,SLV,1980,2.85
El Salvador,SLV,1985,4.83
El Salvador,SLV,1990,4.4
El Salvador,SLV,1995,5.65
El Salvador,SLV,2000,6.54
El Salvador,SLV,2005,6.39
El Salvador,SLV,2010,3.92
Estonia,EST,1970,4.7
Estonia,EST,1975,5.41
Estonia,EST,1980,6.17
Estonia,EST,1985,7.09
Estonia,EST,1990,7.13
Estonia,EST,1995,11.41
Estonia,EST,2000,15
Estonia,EST,2005,16.58
Estonia,EST,2010,18.87
Eswatini,SWZ,1970,0.66
Eswatini,SWZ,1975,1.1
Eswatini,SWZ,1980,1.63
Eswatini,SWZ,1985,2.09
Eswatini,SWZ,1990,1.62
Eswatini,SWZ,1995,1.35
Eswatini,SWZ,2000,0.94
Eswatini,SWZ,2005,0.02
Eswatini,SWZ,2010,1.64
Fiji,FJI,1970,1.36
Fiji,FJI,1975,1.42
Fiji,FJI,1980,1.77
Fiji,FJI,1985,2.15
Fiji,FJI,1990,3.65
Fiji,FJI,1995,4.82
Fiji,FJI,2000,5.75
Fiji,FJI,2005,6.37
Fiji,FJI,2010,7.03
Finland,FIN,1970,3.17
Finland,FIN,1975,4.34
Finland,FIN,1980,6.37
Finland,FIN,1985,5.66
Finland,FIN,1990,5.67
Finland,FIN,1995,9.49
Finland,FIN,2000,10.88
Finland,FIN,2005,11.7
Finland,FIN,2010,12.35
France,FRA,1970,1.46
France,FRA,1975,3.89
France,FRA,1980,3.74
France,FRA,1985,4.86
France,FRA,1990,5.81
France,FRA,1995,7.2
France,FRA,2000,8.44
France,FRA,2005,8.71
France,FRA,2010,10.6
Gabon,GAB,1970,0.9
Gabon,GAB,1975,1.66
Gabon,GAB,1980,2.39
Gabon,GAB,1985,3.5
Gabon,GAB,1990,4.1
Gabon,GAB,1995,5.06
Gabon,GAB,2000,5.54
Gabon,GAB,2005,5.73
Gabon,GAB,2010,6.3
Gambia,GMB,1970,0.1
Gambia,GMB,1975,0.09
Gambia,GMB,1980,0.27
Gambia,GMB,1985,0.5
Gambia,GMB,1990,0.77
Gambia,GMB,1995,1.01
Gambia,GMB,2000,1.02
Gambia,GMB,2005,0.94
Gambia,GMB,2010,0.91
Germany,DEU,1970,1.59
Germany,DEU,1975,2.74
Germany,DEU,1980,3.28
Germany,DEU,1985,3.67
Germany,DEU,1990,7.56
Germany,DEU,1995,9.32
Germany,DEU,2000,10.48
Germany,DEU,2005,10.89
Germany,DEU,2010,13.14
Ghana,GHA,1970,0.17
Ghana,GHA,1975,0.38
Ghana,GHA,1980,0.57
Ghana,GHA,1985,0.88
Ghana,GHA,1990,1.14
Ghana,GHA,1995,1.39
Ghana,GHA,2000,1.84
Ghana,GHA,2005,1.66
Ghana,GHA,2010,1.44
Greece,GRC,1970,3.73
Greece,GRC,1975,5.26
Greece,GRC,1980,5.87
Greece,GRC,1985,8.74
Greece,GRC,1990,11.33
Greece,GRC,1995,12.76
Greece,GRC,2000,12.22
Greece,GRC,2005,19.3
Greece,GRC,2010,22.5
Guatemala,GTM,1970,0.57
Guatemala,GTM,1975,0.73
Guatemala,GTM,1980,1.41
Guatemala,GTM,1985,1.37
Guatemala,GTM,1990,1.53
Guatemala,GTM,1995,1.69
Guatemala,GTM,2000,1.74
Guatemala,GTM,2005,1.54
Guatemala,GTM,2010,0
Guyana,GUY,1970,0.37
Guyana,GUY,1975,0.63
Guyana,GUY,1980,0.77
Guyana,GUY,1985,0.78
Guyana,GUY,1990,0.66
Guyana,GUY,1995,0.47
Guyana,GUY,2000,0.06
Guyana,GUY,2005,0.15
Guyana,GUY,2010,0.24
Haiti,HTI,1970,0.22
Haiti,HTI,1975,0.28
Haiti,HTI,1980,0.45
Haiti,HTI,1985,0.4
Haiti,HTI,1990,0.47
Haiti,HTI,1995,0.51
Haiti,HTI,2000,0.55
Haiti,HTI,2005,0.6
Haiti,HTI,2010,0.67
Honduras,HND,1970,0.4
Honduras,HND,1975,0.44
Honduras,HND,1980,1.08
Honduras,HND,1985,1.55
Honduras,HND,1990,1.75
Honduras,HND,1995,1.97
Honduras,HND,2000,2.39
Honduras,HND,2005,2.46
Honduras,HND,2010,1.93
Hong Kong,HKG,1970,1.36
Hong Kong,HKG,1975,1.63
Hong Kong,HKG,1980,3.33
Hong Kong,HKG,1985,4.11
Hong Kong,HKG,1990,7.32
Hong Kong,HKG,1995,9.26
Hong Kong,HKG,2000,10.28
Hong Kong,HKG,2005,19.38
Hong Kong,HKG,2010,15.22
Hungary,HUN,1970,4.02
Hungary,HUN,1975,5.13
Hungary,HUN,1980,6.5
Hungary,HUN,1985,7.27
Hungary,HUN,1990,7.48
Hungary,HUN,1995,8.52
Hungary,HUN,2000,9.36
Hungary,HUN,2005,12.57
Hungary,HUN,2010,15.38
Iceland,ISL,1970,2.72
Iceland,ISL,1975,3.53
Iceland,ISL,1980,4.62
Iceland,ISL,1985,5.7
Iceland,ISL,1990,6.94
Iceland,ISL,1995,8.54
Iceland,ISL,2000,10.71
Iceland,ISL,2005,14.08
Iceland,ISL,2010,17.89
India,IND,1970,0.62
India,IND,1975,0.95
India,IND,1980,1.22
India,IND,1985,1.74
India,IND,1990,2.23
India,IND,1995,3.36
India,IND,2000,4.01
India,IND,2005,4.38
India,IND,2010,4.85
Indonesia,IDN,1970,0.17
Indonesia,IDN,1975,0.24
Indonesia,IDN,1980,0.25
Indonesia,IDN,1985,0.81
Indonesia,IDN,1990,0.98
Indonesia,IDN,1995,1.15
Indonesia,IDN,2000,1.21
Indonesia,IDN,2005,2.67
Indonesia,IDN,2010,3.73
Iran,IRN,1970,0.94
Iran,IRN,1975,1.53
Iran,IRN,1980,1.9
Iran,IRN,1985,2.55
Iran,IRN,1990,4.13
Iran,IRN,1995,6.36
Iran,IRN,2000,8
Iran,IRN,2005,9.74
Iran,IRN,2010,14.66
Iraq,IRQ,1970,1.11
Iraq,IRQ,1975,1.68
Iraq,IRQ,1980,2.15
Iraq,IRQ,1985,2.98
Iraq,IRQ,1990,3.8
Iraq,IRQ,1995,4.16
Iraq,IRQ,2000,5.34
Iraq,IRQ,2005,6.75
Iraq,IRQ,2010,8.77
Ireland,IRL,1970,3.23
Ireland,IRL,1975,4.42
Ireland,IRL,1980,6.02
Ireland,IRL,1985,8.33
Ireland,IRL,1990,10.61
Ireland,IRL,1995,14.07
Ireland,IRL,2000,16.37
Ireland,IRL,2005,20.47
Ireland,IRL,2010,26.8
Israel,ISR,1970,6.75
Israel,ISR,1975,9.62
Israel,ISR,1980,10.95
Israel,ISR,1985,12.77
Israel,ISR,1990,14.2
Israel,ISR,1995,16.27
Israel,ISR,2000,18.34
Israel,ISR,2005,18.8
Israel,ISR,2010,20.26
Italy,ITA,1970,1.25
Italy,ITA,1975,1.86
Italy,ITA,1980,1.92
Italy,ITA,1985,2.59
Italy,ITA,1990,3.53
Italy,ITA,1995,4.5
Italy,ITA,2000,4.99
Italy,ITA,2005,5.6
Italy,ITA,2010,6.84
Jamaica,JAM,1970,0.55
Jamaica,JAM,1975,0.73
Jamaica,JAM,1980,0.75
Jamaica,JAM,1985,1.2
Jamaica,JAM,1990,1.73
Jamaica,JAM,1995,4.4
Jamaica,JAM,2000,7.09
Jamaica,JAM,2005,7.7
Jamaica,JAM,2010,8.37
Japan,JPN,1970,3.55
Japan,JPN,1975,5.66
Japan,JPN,1980,5.04
Japan,JPN,1985,10.76
Japan,JPN,1990,12.48
Japan,JPN,1995,14.28
Japan,JPN,2000,16.15
Japan,JPN,2005,17.88
Japan,JPN,2010,18.91
Jordan,JOR,1970,1.76
Jordan,JOR,1975,2.73
Jordan,JOR,1980,2.91
Jordan,JOR,1985,3.81
Jordan,JOR,1990,3.48
Jordan,JOR,1995,3.62
Jordan,JOR,2000,3.74
Jordan,JOR,2005,3.98
Jordan,JOR,2010,3.8
Kazakhstan,KAZ,1970,3.94
Kazakhstan,KAZ,1975,4.47
Kazakhstan,KAZ,1980,4.99
Kazakhstan,KAZ,1985,5.92
Kazakhstan,KAZ,1990,5.84
Kazakhstan,KAZ,1995,7.3
Kazakhstan,KAZ,2000,8.42
Kazakhstan,KAZ,2005,13.48
Kazakhstan,KAZ,2010,14.03
Kenya,KEN,1970,0.21
Kenya,KEN,1975,0.42
Kenya,KEN,1980,0.65
Kenya,KEN,1985,0.95
Kenya,KEN,1990,1.29
Kenya,KEN,1995,1.74
Kenya,KEN,2000,2.26
Kenya,KEN,2005,2.84
Kenya,KEN,2010,3.4
Kuwait,KWT,1970,1.82
Kuwait,KWT,1975,2.54
Kuwait,KWT,1980,3.96
Kuwait,KWT,1985,6.1
Kuwait,KWT,1990,6.1
Kuwait,KWT,1995,6.3
Kuwait,KWT,2000,5.39
Kuwait,KWT,2005,4.18
Kuwait,KWT,2010,4.28
Kyrgyzstan,KGZ,1970,4.42
Kyrgyzstan,KGZ,1975,4.93
Kyrgyzstan,KGZ,1980,5.47
Kyrgyzstan,KGZ,1985,6.54
Kyrgyzstan,KGZ,1990,6.63
Kyrgyzstan,KGZ,1995,6.61
Kyrgyzstan,KGZ,2000,6.81
Kyrgyzstan,KGZ,2005,7.56
Kyrgyzstan,KGZ,2010,9
Laos,LAO,1970,0.58
Laos,LAO,1975,0.83
Laos,LAO,1980,1.15
Laos,LAO,1985,1.51
Laos,LAO,1990,1.9
Laos,LAO,1995,1.8
Laos,LAO,2000,2
Laos,LAO,2005,2.51
Laos,LAO,2010,3.3
Latvia,LVA,1970,4.8
Latvia,LVA,1975,5.41
Latvia,LVA,1980,6.05
Latvia,LVA,1985,7.2
Latvia,LVA,1990,7.01
Latvia,LVA,1995,8.36
Latvia,LVA,2000,7.73
Latvia,LVA,2005,9.76
Latvia,LVA,2010,12.42
Lesotho,LSO,1970,0.05
Lesotho,LSO,1975,0.05
Lesotho,LSO,1980,0.19
Lesotho,LSO,1985,0.29
Lesotho,LSO,1990,0.39
Lesotho,LSO,1995,0.54
Lesotho,LSO,2000,0.62
Lesotho,LSO,2005,0.64
Lesotho,LSO,2010,0.76
Liberia,LBR,1970,0.66
Liberia,LBR,1975,0.87
Liberia,LBR,1980,0.93
Liberia,LBR,1985,1.14
Liberia,LBR,1990,1.44
Liberia,LBR,1995,1.69
Liberia,LBR,2000,2.35
Liberia,LBR,2005,2.41
Liberia,LBR,2010,1.9
Libya,LBY,1970,0.35
Libya,LBY,1975,0.46
Libya,LBY,1980,1.06
Libya,LBY,1985,1.31
Libya,LBY,1990,1.75
Libya,LBY,1995,2.26
Libya,LBY,2000,6.18
Libya,LBY,2005,8.27
Libya,LBY,2010,11.89
Lithuania,LTU,1970,3.88
Lithuania,LTU,1975,4.56
Lithuania,LTU,1980,5.39
Lithuania,LTU,1985,6.67
Lithuania,LTU,1990,6.41
Lithuania,LTU,1995,7.75
Lithuania,LTU,2000,8.58
Lithuania,LTU,2005,13.51
Lithuania,LTU,2010,15.6
Luxembourg,LUX,1970,3.34
Luxembourg,LUX,1975,4.66
Luxembourg,LUX,1980,5.34
Luxembourg,LUX,1985,5.96
Luxembourg,LUX,1990,7.03
Luxembourg,LUX,1995,8.3
Luxembourg,LUX,2000,9.35
Luxembourg,LUX,2005,13.29
Luxembourg,LUX,2010,18.54
Macao,MAC,1970,0.71
Macao,MAC,1975,1.32
Macao,MAC,1980,1.93
Macao,MAC,1985,2.71
Macao,MAC,1990,3.3
Macao,MAC,1995,4.98
Macao,MAC,2000,5.61
Macao,MAC,2005,6.9
Macao,MAC,2010,10.43
Malawi,MWI,1970,0.1
Malawi,MWI,1975,0.15
Malawi,MWI,1980,0.16
Malawi,MWI,1985,0.25
Malawi,MWI,1990,0.23
Malawi,MWI,1995,0.25
Malawi,MWI,2000,0.21
Malawi,MWI,2005,0.18
Malawi,MWI,2010,0.15
Malaysia,MYS,1970,0.61
Malaysia,MYS,1975,0.66
Malaysia,MYS,1980,0.87
Malaysia,MYS,1985,1.98
Malaysia,MYS,1990,2.32
Malaysia,MYS,1995,2.89
Malaysia,MYS,2000,3.18
Malaysia,MYS,2005,4.45
Malaysia,MYS,2010,5.81
Maldives,MDV,1970,0.11
Maldives,MDV,1975,0.11
Maldives,MDV,1980,0.18
Maldives,MDV,1985,0.23
Maldives,MDV,1990,0.26
Maldives,MDV,1995,0.25
Maldives,MDV,2000,0.16
Maldives,MDV,2005,0.26
Maldives,MDV,2010,0.25
Mali,MLI,1970,0.1
Mali,MLI,1975,0.14
Mali,MLI,1980,0.16
Mali,MLI,1985,0.23
Mali,MLI,1990,0.27
Mali,MLI,1995,0.33
Mali,MLI,2000,0.5
Mali,MLI,2005,0.68
Mali,MLI,2010,0.78
Malta,MLT,1970,2.62
Malta,MLT,1975,3.31
Malta,MLT,1980,3.81
Malta,MLT,1985,4.4
Malta,MLT,1990,5.39
Malta,MLT,1995,6.5
Malta,MLT,2000,7.4
Malta,MLT,2005,7.58
Malta,MLT,2010,10.52
Mauritania,MRT,1970,0.23
Mauritania,MRT,1975,0.3
Mauritania,MRT,1980,0.43
Mauritania,MRT,1985,0.57
Mauritania,MRT,1990,0.64
Mauritania,MRT,1995,0.93
Mauritania,MRT,2000,1.17
Mauritania,MRT,2005,1.11
Mauritania,MRT,2010,0.97
Mauritius,MUS,1970,0.36
Mauritius,MUS,1975,0.51
Mauritius,MUS,1980,0.77
Mauritius,MUS,1985,1.11
Mauritius,MUS,1990,0.63
Mauritius,MUS,1995,0.83
Mauritius,MUS,2000,0.89
Mauritius,MUS,2005,1.6
Mauritius,MUS,2010,1.88
Mexico,MEX,1970,1.55
Mexico,MEX,1975,2.41
Mexico,MEX,1980,3.36
Mexico,MEX,1985,3.58
Mexico,MEX,1990,3.87
Mexico,MEX,1995,5.12
Mexico,MEX,2000,6.84
Mexico,MEX,2005,8.41
Mexico,MEX,2010,9.81
Moldova,MDA,1970,3.57
Moldova,MDA,1975,4.19
Moldova,MDA,1980,4.78
Moldova,MDA,1985,5.67
Moldova,MDA,1990,5.94
Moldova,MDA,1995,6.17
Moldova,MDA,2000,6.68
Moldova,MDA,2005,6.57
Moldova,MDA,2010,8.76
Mongolia,MNG,1970,4.83
Mongolia,MNG,1975,7.97
Mongolia,MNG,1980,8.63
Mongolia,MNG,1985,9.02
Mongolia,MNG,1990,8.08
Mongolia,MNG,1995,9.2
Mongolia,MNG,2000,8.16
Mongolia,MNG,2005,15.61
Mongolia,MNG,2010,19.66
Morocco,MAR,1970,0.17
Morocco,MAR,1975,0.59
Morocco,MAR,1980,0.7
Morocco,MAR,1985,2.21
Morocco,MAR,1990,2.98
Morocco,MAR,1995,3.69
Morocco,MAR,2000,4.07
Morocco,MAR,2005,4.67
Morocco,MAR,2010,5.35
Mozambique,MOZ,1970,0.05
Mozambique,MOZ,1975,0.03
Mozambique,MOZ,1980,0.02
Mozambique,MOZ,1985,0.07
Mozambique,MOZ,1990,0.13
Mozambique,MOZ,1995,0.14
Mozambique,MOZ,2000,0.2
Mozambique,MOZ,2005,0.23
Mozambique,MOZ,2010,0.26
Myanmar,MMR,1970,0.18
Myanmar,MMR,1975,0.09
Myanmar,MMR,1980,0.74
Myanmar,MMR,1985,1.07
Myanmar,MMR,1990,2.14
Myanmar,MMR,1995,2.35
Myanmar,MMR,2000,2.94
Myanmar,MMR,2005,3.88
Myanmar,MMR,2010,5.15
Namibia,NAM,1970,0.92
Namibia,NAM,1975,0.97
Namibia,NAM,1980,1.02
Namibia,NAM,1985,1.17
Namibia,NAM,1990,1.29
Namibia,NAM,1995,1.24
Namibia,NAM,2000,1.25
Namibia,NAM,2005,0.94
Namibia,NAM,2010,0.76
Nepal,NPL,1970,0.16
Nepal,NPL,1975,0.39
Nepal,NPL,1980,0.6
Nepal,NPL,1985,1.41
Nepal,NPL,1990,2.12
Nepal,NPL,1995,2.1
Nepal,NPL,2000,1.81
Nepal,NPL,2005,1.76
Nepal,NPL,2010,1.75
Netherlands,NLD,1970,3.31
Netherlands,NLD,1975,4.79
Netherlands,NLD,1980,6.19
Netherlands,NLD,1985,7.84
Netherlands,NLD,1990,9.69
Netherlands,NLD,1995,11.38
Netherlands,NLD,2000,11.81
Netherlands,NLD,2005,13.63
Netherlands,NLD,2010,15.63
New Zealand,NZL,1970,6.72
New Zealand,NZL,1975,9.29
New Zealand,NZL,1980,12.47
New Zealand,NZL,1985,14.66
New Zealand,NZL,1990,16.71
New Zealand,NZL,1995,17.39
New Zealand,NZL,2000,17.86
New Zealand,NZL,2005,18.57
New Zealand,NZL,2010,15.5
Nicaragua,NIC,1970,5.18
Nicaragua,NIC,1975,6.02
Nicaragua,NIC,1980,7.73
Nicaragua,NIC,1985,8.14
Nicaragua,NIC,1990,8.16
Nicaragua,NIC,1995,8.37
Nicaragua,NIC,2000,9.28
Nicaragua,NIC,2005,9.32
Nicaragua,NIC,2010,10.33
Niger,NER,1970,0.1
Niger,NER,1975,0.13
Niger,NER,1980,0.16
Niger,NER,1985,0.23
Niger,NER,1990,0.29
Niger,NER,1995,0.36
Niger,NER,2000,0.42
Niger,NER,2005,0.47
Niger,NER,2010,0.51
Norway,NOR,1970,2.91
Norway,NOR,1975,3.31
Norway,NOR,1980,4.38
Norway,NOR,1985,5.55
Norway,NOR,1990,7.85
Norway,NOR,1995,8.81
Norway,NOR,2000,10
Norway,NOR,2005,11.14
Norway,NOR,2010,12.16
Pakistan,PAK,1970,1.16
Pakistan,PAK,1975,1.24
Pakistan,PAK,1980,1.48
Pakistan,PAK,1985,1.62
Pakistan,PAK,1990,1.92
Pakistan,PAK,1995,4.11
Pakistan,PAK,2000,6.09
Pakistan,PAK,2005,4.02
Pakistan,PAK,2010,4.43
Panama,PAN,1970,2.1
Panama,PAN,1975,2.98
Panama,PAN,1980,3.57
Panama,PAN,1985,4.71
Panama,PAN,1990,5.91
Panama,PAN,1995,8.82
Panama,PAN,2000,12.53
Panama,PAN,2005,13.51
Panama,PAN,2010,14.37
Papua New Guinea,PNG,1970,0.08
Papua New Guinea,PNG,1975,0.17
Papua New Guinea,PNG,1980,0.26
Papua New Guinea,PNG,1985,0.3
Papua New Guinea,PNG,1990,0.36
Papua New Guinea,PNG,1995,0.6
Papua New Guinea,PNG,2000,0.63
Papua New Guinea,PNG,2005,0.6
Papua New Guinea,PNG,2010,0.54
Paraguay,PRY,1970,1.18
Paraguay,PRY,1975,1.37
Paraguay,PRY,1980,1.97
Paraguay,PRY,1985,2.53
Paraguay,PRY,1990,3.36
Paraguay,PRY,1995,3.44
Paraguay,PRY,2000,3.74
Paraguay,PRY,2005,1.51
Paraguay,PRY,2010,3.88
Peru,PER,1970,3.05
Peru,PER,1975,5.07
Peru,PER,1980,6.93
Peru,PER,1985,9.71
Peru,PER,1990,13.79
Peru,PER,1995,15.53
Peru,PER,2000,20.54
Peru,PER,2005,24.37
Peru,PER,2010,12.27
Philippines,PHL,1970,7.75
Philippines,PHL,1975,6.14
Philippines,PHL,1980,8.24
Philippines,PHL,1985,7.13
Philippines,PHL,1990,6.73
Philippines,PHL,1995,6.71
Philippines,PHL,2000,6.55
Philippines,PHL,2005,5.94
Philippines,PHL,2010,5.48
Poland,POL,1970,2.74
Poland,POL,1975,2.87
Poland,POL,1980,2.6
Poland,POL,1985,3.52
Poland,POL,1990,3.41
Poland,POL,1995,5.47
Poland,POL,2000,6.16
Poland,POL,2005,9.78
Poland,POL,2010,11.37
Portugal,PRT,1970,0.65
Portugal,PRT,1975,1.06
Portugal,PRT,1980,1.36
Portugal,PRT,1985,2.19
Portugal,PRT,1990,2.88
Portugal,PRT,1995,3.77
Portugal,PRT,2000,4.28
Portugal,PRT,2005,3.04
Portugal,PRT,2010,3.26
Qatar,QAT,1970,5.63
Qatar,QAT,1975,5.9
Qatar,QAT,1980,6.49
Qatar,QAT,1985,7.15
Qatar,QAT,1990,7.82
Qatar,QAT,1995,8.37
Qatar,QAT,2000,9.8
Qatar,QAT,2005,10.55
Qatar,QAT,2010,10.05
Romania,ROU,1970,2.09
Romania,ROU,1975,2.23
Romania,ROU,1980,2.62
Romania,ROU,1985,3.05
Romania,ROU,1990,3.33
Romania,ROU,1995,4.23
Romania,ROU,2000,4.76
Romania,ROU,2005,6.31
Romania,ROU,2010,6.61
Russia,RUS,1970,2.36
Russia,RUS,1975,4.02
Russia,RUS,1980,6.18
Russia,RUS,1985,9.81
Russia,RUS,1990,12.99
Russia,RUS,1995,13.3
Russia,RUS,2000,19.31
Russia,RUS,2005,21.77
Russia,RUS,2010,24.74
Rwanda,RWA,1970,0.08
Rwanda,RWA,1975,0.1
Rwanda,RWA,1980,0.09
Rwanda,RWA,1985,0.1
Rwanda,RWA,1990,0.12
Rwanda,RWA,1995,0.14
Rwanda,RWA,2000,0.22
Rwanda,RWA,2005,0.33
Rwanda,RWA,2010,0.53
Saudi Arabia,SAU,1970,2.56
Saudi Arabia,SAU,1975,3.12
Saudi Arabia,SAU,1980,3.73
Saudi Arabia,SAU,1985,4.71
Saudi Arabia,SAU,1990,5.45
Saudi Arabia,SAU,1995,6.15
Saudi Arabia,SAU,2000,6.91
Saudi Arabia,SAU,2005,6.5
Saudi Arabia,SAU,2010,6.67
Senegal,SEN,1970,0.31
Senegal,SEN,1975,0.43
Senegal,SEN,1980,0.57
Senegal,SEN,1985,0.68
Senegal,SEN,1990,0.74
Senegal,SEN,1995,0.72
Senegal,SEN,2000,0.53
Senegal,SEN,2005,0.29
Senegal,SEN,2010,1.25
Serbia,SRB,1970,1.79
Serbia,SRB,1975,2.77
Serbia,SRB,1980,3.21
Serbia,SRB,1985,4.06
Serbia,SRB,1990,4.35
Serbia,SRB,1995,6.1
Serbia,SRB,2000,6.79
Serbia,SRB,2005,8.47
Serbia,SRB,2010,8.97
Sierra Leone,SLE,1970,0.16
Sierra Leone,SLE,1975,0.18
Sierra Leone,SLE,1980,0.19
Sierra Leone,SLE,1985,0.33
Sierra Leone,SLE,1990,0.38
Sierra Leone,SLE,1995,0.45
Sierra Leone,SLE,2000,0.55
Sierra Leone,SLE,2005,0.67
Sierra Leone,SLE,2010,1.22
Singapore,SGP,1970,1.33
Singapore,SGP,1975,2.03
Singapore,SGP,1980,2.44
Singapore,SGP,1985,2.73
Singapore,SGP,1990,2.6
Singapore,SGP,1995,8.85
Singapore,SGP,2000,13.79
Singapore,SGP,2005,13.7
Singapore,SGP,2010,29.71
Slovakia,SVK,1970,1.7
Slovakia,SVK,1975,2.41
Slovakia,SVK,1980,2.56
Slovakia,SVK,1985,3.71
Slovakia,SVK,1990,3.95
Slovakia,SVK,1995,5.01
Slovakia,SVK,2000,4.69
Slovakia,SVK,2005,7.27
Slovakia,SVK,2010,8.76
Slovenia,SVN,1970,1.84
Slovenia,SVN,1975,2.86
Slovenia,SVN,1980,3.36
Slovenia,SVN,1985,4.76
Slovenia,SVN,1990,5.45
Slovenia,SVN,1995,7.22
Slovenia,SVN,2000,7.99
Slovenia,SVN,2005,10.68
Slovenia,SVN,2010,13.25
South Africa,ZAF,1970,0.33
South Africa,ZAF,1975,0.21
South Africa,ZAF,1980,0.16
South Africa,ZAF,1985,0.16
South Africa,ZAF,1990,0.42
South Africa,ZAF,1995,0.53
South Africa,ZAF,2000,0.53
South Africa,ZAF,2005,0.36
South Africa,ZAF,2010,0.32
South Korea,KOR,1970,3.16
South Korea,KOR,1975,3.47
South Korea,KOR,1980,4.76
South Korea,KOR,1985,7.18
South Korea,KOR,1990,9.4
South Korea,KOR,1995,12.9
South Korea,KOR,2000,19.08
South Korea,KOR,2005,22.09
South Korea,KOR,2010,30.04
Spain,ESP,1970,2.28
Spain,ESP,1975,3.3
Spain,ESP,1980,4.59
Spain,ESP,1985,4.57
Spain,ESP,1990,4.23
Spain,ESP,1995,8.01
Spain,ESP,2000,10.69
Spain,ESP,2005,13.53
Spain,ESP,2010,14.96
Sri Lanka,LKA,1970,0.63
Sri Lanka,LKA,1975,0.55
Sri Lanka,LKA,1980,0.42
Sri Lanka,LKA,1985,1.56
Sri Lanka,LKA,1990,3.15
Sri Lanka,LKA,1995,5.25
Sri Lanka,LKA,2000,7.65
Sri Lanka,LKA,2005,8.6
Sri Lanka,LKA,2010,8.51
Sudan,SDN,1970,0.38
Sudan,SDN,1975,0.41
Sudan,SDN,1980,0.38
Sudan,SDN,1985,0.3
Sudan,SDN,1990,0.38
Sudan,SDN,1995,0.54
Sudan,SDN,2000,0.87
Sudan,SDN,2005,1.24
Sudan,SDN,2010,1.87
Sweden,SWE,1970,3.75
Sweden,SWE,1975,6.39
Sweden,SWE,1980,7.88
Sweden,SWE,1985,9.13
Sweden,SWE,1990,10.61
Sweden,SWE,1995,11.6
Sweden,SWE,2000,13.51
Sweden,SWE,2005,14.32
Sweden,SWE,2010,14.93
Switzerland,CHE,1970,5.52
Switzerland,CHE,1975,5.77
Switzerland,CHE,1980,6.07
Switzerland,CHE,1985,7.23
Switzerland,CHE,1990,8.77
Switzerland,CHE,1995,9.83
Switzerland,CHE,2000,10.02
Switzerland,CHE,2005,12.8
Switzerland,CHE,2010,17.88
Syria,SYR,1970,0.48
Syria,SYR,1975,0.91
Syria,SYR,1980,1.6
Syria,SYR,1985,2.06
Syria,SYR,1990,2.36
Syria,SYR,1995,2.27
Syria,SYR,2000,1.9
Syria,SYR,2005,2.33
Syria,SYR,2010,2.55
Tajikistan,TJK,1970,3.55
Tajikistan,TJK,1975,4.1
Tajikistan,TJK,1980,4.8
Tajikistan,TJK,1985,4.97
Tajikistan,TJK,1990,4.78
Tajikistan,TJK,1995,4.85
Tajikistan,TJK,2000,4.1
Tajikistan,TJK,2005,3.7
Tajikistan,TJK,2010,3.74
Tanzania,TZA,1970,0.14
Tanzania,TZA,1975,0.18
Tanzania,TZA,1980,0.24
Tanzania,TZA,1985,0.3
Tanzania,TZA,1990,0.34
Tanzania,TZA,1995,0.4
Tanzania,TZA,2000,0.37
Tanzania,TZA,2005,0.34
Tanzania,TZA,2010,0.36
Thailand,THA,1970,0.66
Thailand,THA,1975,1.41
Thailand,THA,1980,2.78
Thailand,THA,1985,3.65
Thailand,THA,1990,4.86
Thailand,THA,1995,3.92
Thailand,THA,2000,4.62
Thailand,THA,2005,9.02
Thailand,THA,2010,10.47
Togo,TGO,1970,0.06
Togo,TGO,1975,0.39
Togo,TGO,1980,0.67
Togo,TGO,1985,0.76
Togo,TGO,1990,0.83
Togo,TGO,1995,0.9
Togo,TGO,2000,1.05
Togo,TGO,2005,1.29
Togo,TGO,2010,1.51
Tonga,TON,1970,0.91
Tonga,TON,1975,1.05
Tonga,TON,1980,1.19
Tonga,TON,1985,1.2
Tonga,TON,1990,2.47
Tonga,TON,1995,3.28
Tonga,TON,2000,4.55
Tonga,TON,2005,5.69
Tonga,TON,2010,2.91
Trinidad and Tobago,TTO,1970,0.57
Trinidad and Tobago,TTO,1975,1.1
Trinidad and Tobago,TTO,1980,1.59
Trinidad and Tobago,TTO,1985,1.66
Trinidad and Tobago,TTO,1990,1.9
Trinidad and Tobago,TTO,1995,2.65
Trinidad and Tobago,TTO,2000,3.28
Trinidad and Tobago,TTO,2005,4.72
Trinidad and Tobago,TTO,2010,6.48
Tunisia,TUN,1970,0.53
Tunisia,TUN,1975,0.54
Tunisia,TUN,1980,0.93
Tunisia,TUN,1985,1.38
Tunisia,TUN,1990,2.05
Tunisia,TUN,1995,2.48
Tunisia,TUN,2000,3.77
Tunisia,TUN,2005,5.71
Tunisia,TUN,2010,7.38
Turkey,TUR,1970,0.74
Turkey,TUR,1975,0.73
Turkey,TUR,1980,1.58
Turkey,TUR,1985,6.24
Turkey,TUR,1990,5.78
Turkey,TUR,1995,5.31
Turkey,TUR,2000,4.91
Turkey,TUR,2005,4.21
Turkey,TUR,2010,5.28
Uganda,UGA,1970,0.07
Uganda,UGA,1975,0.11
Uganda,UGA,1980,0.15
Uganda,UGA,1985,0.19
Uganda,UGA,1990,0.19
Uganda,UGA,1995,1.26
Uganda,UGA,2000,1.75
Uganda,UGA,2005,1.56
Uganda,UGA,2010,1.23
Ukraine,UKR,1970,3.12
Ukraine,UKR,1975,4.4
Ukraine,UKR,1980,6.14
Ukraine,UKR,1985,9.41
Ukraine,UKR,1990,12.36
Ukraine,UKR,1995,16.55
Ukraine,UKR,2000,20.43
Ukraine,UKR,2005,22.33
Ukraine,UKR,2010,24.55
United Arab Emirates,ARE,1970,2.55
United Arab Emirates,ARE,1975,2.5
United Arab Emirates,ARE,1980,3.21
United Arab Emirates,ARE,1985,4.75
United Arab Emirates,ARE,1990,6.42
United Arab Emirates,ARE,1995,8.66
United Arab Emirates,ARE,2000,9.7
United Arab Emirates,ARE,2005,9.01
United Arab Emirates,ARE,2010,8.54
United Kingdom,GBR,1970,4.42
United Kingdom,GBR,1975,5.53
United Kingdom,GBR,1980,5.5
United Kingdom,GBR,1985,6.22
United Kingdom,GBR,1990,9
United Kingdom,GBR,1995,11.1
United Kingdom,GBR,2000,12.83
United Kingdom,GBR,2005,13.77
United Kingdom,GBR,2010,15.31
United States,USA,1970,11.39
United States,USA,1975,13.3
United States,USA,1980,16.74
United States,USA,1985,18.51
United States,USA,1990,20.71
United States,USA,1995,20.4
United States,USA,2000,22.97
United States,USA,2005,22.39
United States,USA,2010,26.76
Uruguay,URY,1970,1.54
Uruguay,URY,1975,2.13
Uruguay,URY,1980,2.65
Uruguay,URY,1985,3.38
Uruguay,URY,1990,4.22
Uruguay,URY,1995,5.46
Uruguay,URY,2000,4.5
Uruguay,URY,2005,3.67
Uruguay,URY,2010,3.5
Venezuela,VEN,1970,1.01
Venezuela,VEN,1975,1.77
Venezuela,VEN,1980,2.45
Venezuela,VEN,1985,2.49
Venezuela,VEN,1990,2.43
Venezuela,VEN,1995,2.52
Venezuela,VEN,2000,2.7
Venezuela,VEN,2005,2.97
Venezuela,VEN,2010,2.96
Vietnam,VNM,1970,0.44
Vietnam,VNM,1975,0.5
Vietnam,VNM,1980,0.46
Vietnam,VNM,1985,0.88
Vietnam,VNM,1990,1.02
Vietnam,VNM,1995,1.56
Vietnam,VNM,2000,2.21
Vietnam,VNM,2005,2.99
Vietnam,VNM,2010,3.27
Yemen,YEM,1970,0.02
Yemen,YEM,1975,0.05
Yemen,YEM,1980,0.07
Yemen,YEM,1985,0.21
Yemen,YEM,1990,0.4
Yemen,YEM,1995,0.72
Yemen,YEM,2000,0.94
Yemen,YEM,2005,1.21
Yemen,YEM,2010,1.5
Zambia,ZMB,1970,0.2
Zambia,ZMB,1975,0.21
Zambia,ZMB,1980,0.15
Zambia,ZMB,1985,0.16
Zambia,ZMB,1990,0.12
Zambia,ZMB,1995,0.79
Zambia,ZMB,2000,0.77
Zambia,ZMB,2005,0.61
Zambia,ZMB,2010,0.49
Zimbabwe,ZWE,1970,1.08
Zimbabwe,ZWE,1975,1.29
Zimbabwe,ZWE,1980,1.61
Zimbabwe,ZWE,1985,2.01
Zimbabwe,ZWE,1990,1.83
Zimbabwe,ZWE,1995,1.32
Zimbabwe,ZWE,2000,0.53
Zimbabwe,ZWE,2005,0.44
Zimbabwe,ZWE,2010,0.38
